Microscopic investigation of ionic conductivity in alkali metal salts-poly (ethylene oxide) adducts,1404,1983
"C Berthier, W Gorecki, M Minier, MB Armand, JM Chabagno, P Rigaud",,
"Solid State Ionics 11 (1), 91-95",,
Magnetic-field-induced charge-stripe order in the high-temperature superconductor YBa2Cu3Oy,925,2011
"T Wu, H Mayaffre, S Krämer, M Horvatić, C Berthier, WN Hardy, R Liang, ...",,
"Nature 477 (7363), 191-194",,
Magnetic Superstructure in the Two-Dimensional Quantum Antiferromagnet SrCu2(BO3)2,397,2002
"K Kodama, M Takigawa, M Horvatic, C Berthier, H Kageyama, Y Ueda, ...",,
"Science 298 (5592), 395-399",,
Incipient charge order observed by NMR in the normal state of YBa2Cu3Oy,297,2015
"T Wu, H Mayaffre, S Krämer, M Horvatić, C Berthier, WN Hardy, R Liang, ...",,
"Nature communications 6 (1), 6438",,
Emergence of charge order from the vortex state of a high-temperature superconductor,283,2013
"T Wu, H Mayaffre, S Krämer, M Horvatić, C Berthier, PL Kuhns, AP Reyes, ...",,
"Nature communications 4 (1), 2113",,
63 Cu NMR Evidence for Enhanced Antiferromagnetic Correlations around Zn Impurities in YBa 2 Cu 3 O 6.7,263,2000
"MH Julien, T Fehér, M Horvatić, C Berthier, ON Bakharev, P Ségransan, ...",,
"Physical review letters 84 (15), 3422",,
Controlling Luttinger liquid physics in spin ladders under a magnetic field,234,2008
"M Klanjšek, H Mayaffre, C Berthier, M Horvatić, B Chiari, O Piovesana, ...",,
"Physical review letters 101 (13), 137207",,
Spin Gap in  Single Crystals from Cu NMR,207,1996
"MH Julien, P Carretta, M Horvatić, C Berthier, Y Berthier, P Ségransan, ...",,
"Physical review letters 76 (22), 4238",,
"NMR, DSC, and conductivity study of a poly (ethylene oxide) complex electrolyte: PEO (LiClO4) x",202,1986
"W Gorecki, R Andreani, C Berthier, M Armand, M Mali, J Roos, ...",,
"Solid state ionics 18, 295-299",,
Evidence for a connection between charge density waves and the pressure enhancement of superconductivity in 2H-NbSe2,185,1976
"C Berthier, P Molinié, D Jérome",,
"Solid State Communications 18 (9-10), 1393-1395",,
Evidence of Andreev bound states as a hallmark of the FFLO phase in κ-(BEDT-TTF)2Cu(NCS)2,178,2014
"H Mayaffre, S Krämer, M Horvatić, C Berthier, K Miyagawa, K Kanoda, ...",,
"Nature Physics 10 (12), 928-932",,
Thermal analysis and NMR study of a poly (ethylene oxide) complex electrolyte: PEO (LiCF3SO3) x,159,1984
"M Minier, C Berthier, W Gorecki",,
"Journal de Physique 45 (4), 739-744",,
Zero temperature phase transitions in spin-ladders: Phase diagram and dynamical studies of Cu2(C5H12N2)2Cl4>,156,1998
"G Chaboussant, MH Julien, Y Fagot-Revurat, M Hanson, LP Lévy, ...",,
"The European Physical Journal B-Condensed Matter and Complex Systems 6, 167-181",,
Statics and dynamics of weakly coupled antiferromagnetic spin- ladders in a magnetic field,152,2011
"P Bouillot, C Kollath, AM Läuchli, M Zvonarev, B Thielemann, C Rüegg, ...",,
"Physical Review B—Condensed Matter and Materials Physics 83 (5), 054407",,
Observation of an anisotropic Dirac cone reshaping and ferrimagnetic spin polarization in an organic conductor,151,2016
"M Hirata, K Ishikawa, K Miyagawa, M Tamura, C Berthier, D Basko, ...",,
"Nature communications 7 (1), 12666",,
Homogeneous vs. inhomogeneous coexistence of magnetic order and superconductivity probed by NMR in Co-and K-doped iron pnictides,147,2009
"MH Julien, H Mayaffre, M Horvatić, C Berthier, XD Zhang, W Wu, GF Chen, ...",,
"Europhysics Letters 87 (3), 37001",,
"Charge Segregation, Cluster Spin Glass, and Superconductivity in ",146,1999
"MH Julien, F Borsa, P Carretta, M Horvatić, C Berthier, CT Lin",,
"Physical review letters 83 (3), 604",,
"NMR, conductivity and neutron scattering investigation of ionic dynamics in the anhydrous polymer protonic conductor PEO (H3PO4) x",142,1988
"P Donoso, W Gorecki, C Berthier, F Defendini, C Poinsignon, MB Armand",,
"Solid State Ionics 28, 969-974",,
NMR studies of the normal state of high temperature superconductors,139,1996
"C Berthier, MH Julien, M Horvatić, Y Berthier",,
"Journal de Physique I 6 (12), 2205-2236",,
Nuclear Magnetic Resonance Study of the S= 1/2 Heisenberg Ladder Cu 2 (C 5 H 12 N 2) 2 Cl 4: Quantum Phase Transition and Critical Dynamics,137,1998
"G Chaboussant, Y Fagot-Revurat, MH Julien, ME Hanson, C Berthier, ...",,
"Physical review letters 80 (12), 2713",,
Glassy spin freezing and NMR wipeout effect in the high-T c superconductor La 1.90 Sr 0.10 CuO 4: Critical discussion of the role of stripes,126,2001
"MH Julien, A Campana, A Rigamonti, P Carretta, F Borsa, P Kuhns, ...",,
"Physical Review B 63 (14), 144508",,
NMR Determination of 2D Electron Spin Polarization at ,113,2000
"S Melinte, N Freytag, M Horvatić, C Berthier, LP Lévy, V Bayot, ...",,
"Physical review letters 84 (2), 354",,
High Magnetic Fields: Applications in Condensed Matter Physics and Spectroscopy,111,2001
"C Berthier, LP Levy",,
Springer Science & Business Media,,
NMR evidence for localized spins on Cu(2) sites from Cu NMR in  and  single crystals,109,1989
"M Horvatić, P Segransan, C Berthier, Y Berthier, P Butaud, JY Henry, ...",,
"Physical Review B 39 (10), 7332",,
Field Evolution of Coexisting Superconducting and Magnetic Orders in ,108,2010
"G Koutroulakis, MD Stewart Jr, VF Mitrović, M Horvatić, C Berthier, ...",,
"Physical review letters 104 (8), 087001",,
Nuclear magnetic relaxation study of poly (ethylene oxide)–lithium salt based electrolytes,107,1993
"JP Donoso, TJ Bonagamba, HC Panepucci, LN Oliveira, W Gorecki, ...",,
"The Journal of chemical physics 98 (12), 10026-10036",,
Longitudinal and Transverse Zeeman Ladders in the Ising-Like Chain Antiferromagnet ,95,2015
"B Grenier, S Petit, V Simonet, E Canévet, LP Regnault, S Raymond, ...",,
"Physical Review Letters 114 (1), 017201",,
One-third magnetization plateau with a preceding novel phase in volborthite,92,2015
"H Ishikawa, M Yoshida, K Nawa, M Jeong, S Krämer, M Horvatić, ...",,
"Physical review letters 114 (22), 227202",,
NMR study on a 2H-NbSe2 single crystal: a microscopic investigation of the charge density waves state,91,1978
C Berthier,,
"Journal of Physics C: Solid State Physics 11 (4), 797",,
Identification of Nuclear Relaxation Processes in a Gapped Quantum Magnet:  NMR in the  Heisenberg Ladder ,89,1997
"G Chaboussant, MH Julien, Y Fagot-Revurat, LP Levy, C Berthier, ...",,
"Physical review letters 79 (5), 925",,
Anomalous spin correlations and excitonic instability of interacting 2D Weyl fermions,86,2017
"M Hirata, K Ishikawa, G Matsuno, A Kobayashi, K Miyagawa, M Tamura, ...",,
"Science 358 (6369), 1403-1406",,
Similar glassy features in the  NMR response of pure and disordered ,86,2008
"VF Mitrović, MH Julien, C De Vaulx, M Horvatić, C Berthier, T Suzuki, ...",,
"Physical Review B—Condensed Matter and Materials Physics 78 (1), 014504",,
Observation of Spin Susceptibility Enhancement in the Possible <?format ?>Fulde-Ferrell-Larkin-Ovchinnikov State of ,86,2006
"VF Mitrović, M Horvatić, C Berthier, G Knebel, G Lapertot, J Flouquet",,
"Physical review letters 97 (11), 117002",,
Incomplete Devil’s Staircase in the Magnetization Curve of ,82,2013
"M Takigawa, M Horvatić, T Waki, S Krämer, C Berthier, F Lévy-Bertrand, ...",,
"Physical Review Letters 110 (6), 067210",,
NMR investigation of single-crystal  from the underdoped to the overdoped regime,77,1993
"M Horvatić, T Auler, C Berthier, Y Berthier, P Butaud, WG Clark, JA Gillet, ...",,
"Physical Review B 47 (6), 3461",,
Reentrant Superconductivity Driven by Quantum Tricritical Fluctuations in URhGe: Evidence from  NMR in ,75,2015
"Y Tokunaga, D Aoki, H Mayaffre, S Krämer, MH Julien, C Berthier, ...",,
"Physical Review Letters 114 (21), 216401",,
NMR investigation of the layered transition metal phosphorus trichalcogenides and the intercalation compounds LixNiPS3,73,1978
"C Berthier, Y Chabre, M Minier",,
"Solid State Communications 28 (4), 327-332",,
NMR Evidence of the Fröhlich Mode in Mo,72,1986
"P Segransan, A Janossy, C Berthier, J Marcus, P Butaud",,
"Physical review letters 56 (17), 1854",,
New Phase Transition between Partially and Fully Polarized Quantum Hall States with Charge and Spin Gaps at ,69,2001
"N Freytag, Y Tokunaga, M Horvatić, C Berthier, M Shayegan, LP Lévy",,
"Physical review letters 87 (13), 136801",,
NMR Imaging of the Soliton Lattice Profile in the Spin-Peierls Compound ,69,1999
"M Horvatić, Y Fagot-Revurat, C Berthier, G Dhalenne, A Revcolevschi",,
"Physical review letters 83 (2), 420",,
Confinement in Bechgaard salts: Anomalous magnetoresistance and nuclear relaxation,69,1995
"K Behnia, L Balicas, W Kang, D Jérome, P Carretta, Y Fagot-Revurat, ...",,
"Physical review letters 74 (26), 5272",,
"Electronic Correlations in , the Parent Compound of Triangular Cobaltates",65,2007
"C De Vaulx, MH Julien, C Berthier, S Hébert, V Pralong, A Maignan",,
"Physical review letters 98 (24), 246402",,
NMR Evidence for a Magnetic Soliton Lattice in the High-Field Phase of CuGe O 3,65,1996
"Y Fagot-Revurat, M Horvatić, C Berthier, P Ségransan, G Dhalenne, ...",,
"Physical review letters 77 (9), 1861",,
Attractive Tomonaga-Luttinger liquid in a quantum spin ladder,64,2013
"M Jeong, H Mayaffre, C Berthier, D Schmidiger, A Zheludev, M Horvatić",,
"Physical review letters 111 (10), 106404",,
Nonmagnetic Insulator State in  and Phase Separation of Na Vacancies,64,2005
"C De Vaulx, MH Julien, C Berthier, M Horvatić, P Bordet, V Simonet, ...",,
"Physical review letters 95 (18), 186405",,
Quantum-critical spin dynamics in quasi-one-dimensional antiferromagnets,63,2012
"S Mukhopadhyay, M Klanjšek, MS Grbić, R Blinder, H Mayaffre, C Berthier, ...",,
"Physical review letters 109 (17), 177206",,
Uniform and staggered magnetizations induced by Dzyaloshinskii-Moriya interactions in isolated and coupled spin- dimers in a magnetic field,63,2007
"S Miyahara, JB Fouet, SR Manmana, RM Noack, H Mayaffre, I Sheikin, ...",,
"Physical Review B—Condensed Matter and Materials Physics 75 (18), 184402",,
Emergence of Orbital Nematicity in the Tetragonal Phase of BaFe2(As1−xPx)2,61,2015
"T Iye, MH Julien, H Mayaffre, M Horvatić, C Berthier, K Ishida, H Ikeda, ...",,
"journal of the physical society of japan 84 (4), 043705",,
Electronic Texture of the Thermoelectric Oxide ,61,2008
"MH Julien, C De Vaulx, H Mayaffre, C Berthier, M Horvatić, V Simonet, ...",,
"Physical review letters 100 (9), 096405",,
NMR study of the charge-density wave in  single crystal,61,1985
"P Butaud, P Segransan, C Berthier, J Dumas, C Schlenker",,
"Physical Review Letters 55 (2), 253",,
Field-induced effects of anisotropic magnetic interactions in SrCu2 (BO3) 2,59,2005
"K Kodama, S Miyahara, M Takigawa, M Horvatić, C Berthier, F Mila, ...",,
"Journal of Physics: Condensed Matter 17 (4), L61",,
Field dependence of the quantum ground state in the Shastry-Sutherland system SrCu2 (BO3) 2,58,2008
"F Levy, I Sheikin, C Berthier, M Horvatić, M Takigawa, H Kageyama, ...",,
"Europhysics Letters 81 (6), 67004",,
NMR Evidence for a “Generalized Spin-Peierls Transition” in the High-Magnetic-Field Phase of the Spin Ladder ,56,2000
"H Mayaffre, M Horvatić, C Berthier, MH Julien, P Ségransan, L Lévy, ...",,
"Physical Review Letters 85 (22), 4795",,
Charge density waves in layer structures: A NMR study on a 2H NbSe2 single crystal,54,1976
"C Berthier, D Jerome, P Molinie, J Rouxel",,
"Solid State Communications 19 (2), 131-135",,
17O NMR study of YBa2Cu3O7− δ (Tc= 92 K),53,1989
"M Horvatić, Y Berthier, P Butaud, Y Kitaoka, P Ségransan, C Berthier, ...",,
"Physica C: Superconductivity 159 (5), 689-696",,
Impurity-Induced Local Magnetism and Density of States <?format ?>in the Superconducting State of ,51,2006
"S Ouazi, J Bobroff, H Alloul, M Le Tacon, N Blanchard, G Collin, ...",,
"Physical review letters 96 (12), 127005",,
Semiconductor-metal transition upon intercalation in LixZrSe2,51,1981
"C Berthier, Y Chabre, P Segransan, P Chevalier, L Trichet, A Le Mehaute",,
"Solid State Ionics 5, 379-382",,
Field-induced magnetic behavior in quasi-one-dimensional Ising-like antiferromagnet BaCoVO: A single-crystal neutron diffraction study,47,2013
"E Canévet, B Grenier, M Klanjšek, C Berthier, M Horvatić, V Simonet, ...",,
"Physical Review B—Condensed Matter and Materials Physics 87 (5), 054408",,
Nuclear-spin-lattice relaxation rate of planar oxygen in YBa 2 Cu 3 O 6.52 and YBa 1.92 Sr 0.08 Cu 3 O 7 single crystals,46,1993
"M Horvatić, C Berthier, Y Berthier, P Ségransan, P Butaud, WG Clark, ...",,
"Physical Review B 48 (18), 13848",,
"NMR, DSC and conductivity study of the polymer solid electrolytes P (EO)(LiCp+ 1F2p+ 3SO3) x",46,1988
"W Gorecki, P Donoso, C Berthier, M Mali, J Roos, D Brinkmann, ...",,
"Solid State Ionics 28, 1018-1022",,
NMR Investigation of How Free Composite Fermions Are at ,45,2002
"N Freytag, M Horvatić, C Berthier, M Shayegan, LP Lévy",,
"Physical review letters 89 (24), 246804",,
Field Dependence of the Ground State in the Exotic Superconductor : <?format ?>A Nuclear Magnetic Resonance Investigation,44,2008
"G Koutroulakis, VF Mitrović, M Horvatić, C Berthier, G Lapertot, J Flouquet",,
"Physical review letters 101 (4), 047004",,
Spin Configuration in the  Magnetization Plateau of Azurite Determined by NMR,43,2009
"F Aimo, S Krämer, M Klanjšek, M Horvatić, C Berthier, H Kikuchi",,
"Physical Review Letters 102 (12), 127205",,
Field-Induced Quantum Soliton Lattice in a Frustrated Two-Leg Spin- Ladder,42,2013
"F Casola, T Shiroka, A Feiguin, S Wang, MS Grbić, M Horvatić, S Krämer, ...",,
"Physical review letters 110 (18), 187201",,
Measurement of the sliding charge-density-wave phase velocity in ,42,1987
"A Jánossy, C Berthier, P Ségransan, P Butaud",,
"Physical review letters 59 (20), 2348",,
Novel Ordered Phases in the Orthogonal Dimer Spin System SrCu2(BO3)2,41,2010
"M Takigawa, T Waki, M Horvatić, C Berthier",,
"Journal of the Physical Society of Japan 79 (1), 011005",,
NMR Evidence for the Persistence of a Spin Superlattice Beyond the  Magnetization Plateau <?format ?>in ,41,2008
"M Takigawa, S Matsubara, M Horvatić, C Berthier, H Kageyama, Y Ueda",,
"Physical review letters 101 (3), 037202",,
"77Se NMR Evidence for the Jaccarino–Peter Mechanism in the Field Induced Superconductor, λ-(BETS)2FeCl4",41,2007
"K Hiraki, H Mayaffre, M Horvatić, C Berthier, S Uji, T Yamaguchi, ...",,
"Journal of the Physical Society of Japan 76 (12), 124708",,
Nuclear magnetic resonance evidence for a strong modulation of the Bose-Einstein condensate in ,41,2007
"S Krämer, R Stern, M Horvatić, C Berthier, T Kimura, IR Fisher",,
"Physical Review B—Condensed Matter and Materials Physics 76 (10), 100406",,
Dichotomy between attractive and repulsive tomonaga-luttinger liquids in spin ladders,37,2016
"M Jeong, D Schmidiger, H Mayaffre, M Klanjšek, C Berthier, W Knafo, ...",,
"Physical review letters 117 (10), 106402",,
"Analysis of the 63, 65Cu NMR data as a function of oxygen concentration in YBa2Cu3O7− δ",37,1990
"M Horvatić, P Butaud, P Segransan, Y Berthier, C Berthier, JY Henry, ...",,
"Physica C: Superconductivity 166 (1-2), 151-157",,
Anisotropy of magnetic interactions in the spin-ladder compound (C 5 H 12 N) 2 CuBr 4,36,2010
"E Čižmár, M Ozerov, J Wosnitza, B Thielemann, KW Krämer, C Rüegg, ...",,
"Physical Review B—Condensed Matter and Materials Physics 82 (5), 054431",,
Field-Induced Staggered Magnetization and Magnetic Ordering in ,36,2006
"M Clémancey, H Mayaffre, C Berthier, M Horvatić, JB Fouet, S Miyahara, ...",,
"Physical review letters 97 (16), 167204",,
Hyperfine coupling and spin polarization in the bulk of the topological insulator ,35,2015
"S Mukhopadhyay, S Krämer, H Mayaffre, HF Legg, M Orlita, C Berthier, ...",,
"Physical Review B 91 (8), 081105",,
Giant magnetic field dependence of the coupling between spin chains in ,34,2015
"M Klanjšek, M Horvatić, S Krämer, S Mukhopadhyay, H Mayaffre, ...",,
"Physical Review B 92 (6), 060408",,
Nmr investigation of p (eo)(liclo4) x,34,1992
"W Gorecki, E Belorizky, C Berthier, P Donoso, M Armand",,
"Electrochimica acta 37 (9), 1685-1687",,
Neutron diffraction investigation of the  phase diagram above the longitudinal incommensurate phase of ,32,2015
"B Grenier, V Simonet, B Canals, P Lejay, M Klanjšek, M Horvatić, ...",,
"Physical Review B 92 (13), 134416",,
Crystal growth and magnetic property of MCo2V2O8 (M= Sr and Ba),31,2011
"P Lejay, E Canevet, SK Srivastava, B Grenier, M Klanjsek, C Berthier",,
"Journal of crystal growth 317 (1), 128-131",,
"6 3, 6 5 Cu NMR investigation of CuGeO 3 ssingle crystals: mThe uniform and the dimerized spin-Peierls phase",31,1997
"Y Fagot-Revurat, M Horvatic-acute, C Berthier, JP Boucher, P Ségransan, ...",,
"Physical Review B 55 (5), 2964",,
"The Na-TiS2 system: A critical discussion of the phase boundaries, structural and NMR studies",31,1984
"P Molinie, L Trichet, J Rouxel, C Berthier, Y Chabre, P Segransan",,
"Journal of Physics and Chemistry of Solids 45 (1), 105-112",,
Differntial scanning calometry of sodium iodide poly (ethylene oxyde) complexes,31,1983
"M Minier, C Berthier, W Gorecki",,
"Solid State Ionics 9, 1125-1127",,
Nuclear Spin-Lattice Relaxation and EPR Studies of TTF-TCNQ and TMTTF-TCNQ Under Hydrostatic Pressure,31,1976
"C Berthier, JR Cooper, D Jerome, G Soda, C Weyl, JM Fabre, L Giral",,
"Molecular Crystals and Liquid Crystals 32 (1), 267-270",,
Magnetic-field-enhanced spin freezing on the verge of charge ordering in YBaCuO,30,2013
"T Wu, H Mayaffre, S Krämer, M Horvatić, C Berthier, CT Lin, D Haug, ...",,
"Physical Review B—Condensed Matter and Materials Physics 88 (1), 014511",,
91Zr Nuclear Magnetic Resonance Spectroscopy of Solid Zirconium Halides at High Magnetic Field,30,2009
"O Pauvert, F Fayon, A Rakhmatullin, S Kramer, M Horvatic, D Avignant, ...",,
"Inorganic chemistry 48 (18), 8709-8717",,
Spin dynamics of the ferric wheel  studied by electron and nuclear spin resonance,30,2005
"B Pilawa, R Boffinger, I Keilhauer, R Leppin, I Odenwald, W Wendl, ...",,
"Physical Review B—Condensed Matter and Materials Physics 71 (18), 184419",,
NMR studies of lamellar intercalation compounds,30,1980
"C Berthier, Y Chabre, P Segransan",,
"Physica B+ C 99 (1-4), 107-116",,
NMR investigation of low energy excitations in high Tc superconductors,28,1993
"C Berthier, JA Gillet, T Auler, Y Berthier, M Horvatić, P Ségransan, ...",,
"Physica Scripta 1993 (T49A), 131",,
Spin dynamics in the high-field phases of volborthite,27,2017
"M Yoshida, K Nawa, H Ishikawa, M Takigawa, M Jeong, S Krämer, ...",,
"Physical Review B 96 (18), 180413",,
Cross-over temperatures and spin-gap in high Tc cuprate superconductors An NMR approach,27,1997
"C Berthier, MH Julien, O Bakharev, M Horvatić, P Ségransan",,
"Physica C: Superconductivity 282, 227-230",,
High-Field Phase Diagram and Spin Structure of Volborthite Cu3V2O7(OH)2·2H2O,26,2012
"M Yoshida, M Takigawa, S Krämer, S Mukhopadhyay, M Horvatić, ...",,
"Journal of the Physical Society of Japan 81 (2), 024703",,
High-magnetic-field NMR studies of  A quasi-one-dimensional spin system,26,2002
"P Vonlanthen, KB Tanaka, A Goto, WG Clark, P Millet, JY Henry, ...",,
"Physical Review B 65 (21), 214413",,
63Cu and 199Hg NMR in overdoped HgBa2CaCu2O6+ δ,26,1996
"MH Julien, M Horvatić, P Carretta, C Berthier, Y Berthier, P Ségransan, ...",,
"Physica C: Superconductivity 268 (3-4), 197-204",,
NMR investigation of HgBa2CaCu2O6+ δ,26,1994
"M Horvatić, C Berthier, P Carretta, JA Gillet, P Ségransan, Y Berthier, ...",,
"Physica C: Superconductivity 235, 1669-1670",,
Evidence of screening charge depression in the vicinity of chromium and manganese impurities in aluminium at low temperature,26,1973
"C Berthier, M Minier",,
"Journal of Physics F: Metal Physics 3 (6), 1169",,
"The 18-magnetization plateau state in the 2D quantum antiferromagnet SrCu2 (BO3) 2: spin superstructure, phase transition, and spin dynamics studied by high-field NMR",25,2004
"M Takigawa, K Kodama, M Horvatić, C Berthier, H Kageyama, Y Ueda, ...",,
"Physica B: Condensed Matter 346, 27-33",,
Spin polarization of two-dimensional electrons in GaAs quantum wells around Landau level filling  from NMR measurements of gallium nuclei,25,2001
"S Melinte, N Freytag, M Horvatić, C Berthier, LP Lévy, V Bayot, ...",,
"Physical Review B 64 (8), 085327",,
2X organic superconductors: interplay between 1-D charge localization and higher dimensionality cross-over,25,1995
"D Jérome, P Auban-Senzier, L Balicas, K Behnia, W Kang, P Wzietek, ...",,
"Synthetic Metals 70 (1-3), 719-725",,
"From underdoped to overdoped regime in YBa2Cu3O6+x, an NMR investigation of single crystals",24,1992
"C Berthier, Y Berthier, P Butaud, WG Clark, JA Gillet, M Horvatic, ...",,
"Applied Magnetic Resonance 3, 449-468",,
Magnetic-order crossover in coupled spin ladders,23,2017
"M Jeong, H Mayaffre, C Berthier, D Schmidiger, A Zheludev, M Horvatić",,
"Physical review letters 118 (16), 167206",,
Spatially resolved magnetization in the Bose-Einstein condensed state of BaCuSiO: Evidence for imperfect frustration,23,2013
"S Krämer, N Laflorencie, R Stern, M Horvatić, C Berthier, H Nakamura, ...",,
"Physical Review B—Condensed Matter and Materials Physics 87 (18), 180405",,
Spin dynamics at the level crossing in the molecular antiferromagnetic ring from proton NMR,23,2005
"E Micotti, A Lascialfari, F Borsa, MH Julien, C Berthier, M Horvatić, ...",,
"Physical Review B—Condensed Matter and Materials Physics 72 (2), 020405",,
63 Cu and 89 Y NMR study of an optimally doped YBa 2 Cu 3 O 6.94 single crystal,23,1997
"T Auler, M Horvatić, JA Gillet, C Berthier, Y Berthier, P Ségransan, ...",,
"Physical Review B 56 (17), 11294",,
Nuclear magnetic resonance in high magnetic field: Application to condensed matter physics,22,2017
"C Berthier, M Horvatić, MH Julien, H Mayaffre, S Krämer",,
"Comptes Rendus. Physique 18 (5-6), 331-348",,
Quadrupolar nuclear resonance investigation of the screening charge around 3d impurities in aluminium,22,1977
"C Berthier, M Minier",,
"Journal of Physics F: Metal Physics 7 (3), 515",,
Quadripolar nuclear resonance investigation of conduction electrons charge density around a scandium impurity in an aluminium matrix,22,1973
"C Berthier, M Minier",,
"Journal of Physics F: Metal Physics 3 (6), 1268",,
Nuclear magnetic resonance study of the magnetic-field-induced ordered phase in the  compound,21,2017
"R Blinder, M Dupont, S Mukhopadhyay, MS Grbić, N Laflorencie, ...",,
"Physical Review B 95 (2), 020404",,
Solid Effect between Pure-Quadrupolar Nuclear Transitions in Dilute Alloys and Its Application to  Ti,21,1973
"C Berthier, M Minier",,
"Physical Review B 7 (5), 1854",,
Interplay between quantum fluctuations and reentrant superconductivity with a highly enhanced upper critical field in URhGe,20,2016
"Y Tokunaga, D Aoki, H Mayaffre, S Krämer, MH Julien, C Berthier, ...",,
"Physical Review B 93 (20), 201112",,
NMR studies of low-dimensional quantum antiferromagnets,20,2002
"M Horvatić, C Berthier",,
High Magnetic Fields: Applications in Condensed Matter Physics and …,,
Interacting chiral electrons at the 2D Dirac points: a review,19,2021
"M Hirata, A Kobayashi, C Berthier, K Kanoda",,
"Reports on Progress in Physics 84 (3), 036502",,
Nuclear Magnetic Resonance Reveals Disordered Level-Crossing Physics in the Bose-Glass Regime of the Br-Doped  Compound at a High …,19,2017
"A Orlova, R Blinder, E Kermarrec, M Dupont, N Laflorencie, S Capponi, ...",,
"Physical review letters 118 (6), 067203",,
The effects of intra-dimer Dzyaloshinsky–Moriya interaction on the properties of SrCu2 (BO3) 2 in an external magnetic field,19,2004
"S Miyahara, F Mila, K Kodama, M Takigawa, M Horvatic, C Berthier, ...",,
"Journal of Physics: Condensed Matter 16 (11), S911",,
Spin dynamics of the spin-Peierls compound CuGeO 3 under a magnetic field,19,1997
"D Poilblanc, J Riera, CA Hayward, C Berthier, M Horvatic-acute",,
"Physical Review B 55 (18), R11941",,
High-field NMR insights into quantum spin systems,18,2005
"M Horvatić, C Berthier, F Tedoldi, A Comment, M Sofin, M Jansen, R Stern",,
"Progress of Theoretical Physics Supplement 159, 106-113",,
EPR and NRM Investigation on TMTTF-TCNQ,18,1976
"C Berthier, D Jérome, G Soda, C Weyl, L Zuppiroli, JM Fabre, L Giral",,
"Molecular Crystals and Liquid Crystals 32 (1), 261-265",,
Evidence of charge disproportionation in λ type BETS based organic superconductors,17,2010
"K Hiraki, M Kitahara, T Takahashi, H Mayaffre, M Horvatić, C Berthier, ...",,
"Journal of the Physical Society of Japan 79 (7), 074711",,
NMR study of spin fluctuations in YBa2Cu3O6+ x,17,1991
"C Berthier, Y Berthier, P Butaud, WG Clark, JA Gillet, M Horvatić, ...",,
"Physica C: Superconductivity 185, 1141-1142",,
Normal state spin susceptibility in YBa2Cu3O6. 92 single crystal from 63Cu and 89Y nuclear magnetic resonance,16,1999
"T Auler, M Horvatic, JA Gillet, C Berthier, Y Berthier, P Carretta, Y Kitaoka, ...",,
"Physica C: Superconductivity 313 (3-4), 255-270",,
Drift velocity and temporal phase fluctuations of sliding charge density waves in Rb0. 3MoO3,16,1990
"P Butaud, P Ségransan, A Jánossy, C Berthier",,
"Journal de Physique 51 (1), 59-89",,
C 13 NMR study of the charge-ordered state near the superconducting transition in the organic superconductor β′′-(BEDT-TTF) 4 [(H 3 O) Ga (C 2 O 4) 3]· C 6 H 5 NO 2,15,2014
"Y Ihara, M Jeong, H Mayaffre, C Berthier, M Horvatić, H Seki, A Kawamoto",,
"Physical review B 90 (12), 121106",,
NMR study of 17O in high Tc superconducting oxides,14,1989
"Y Kitaoka, Y Berthier, P Butaud, M Horvatić, P Ségransan, C Berthier, ...",,
"Physica C: Superconductivity and its Applications 162, 195-196",,
NMR study of large skyrmions in  quantum wells,13,2007
"VF Mitrović, M Horvatić, C Berthier, SA Lyon, M Shayegan",,
"Physical Review B—Condensed Matter and Materials Physics 76 (11), 115335",,
Huge Transverse Magnetic Polarization in the Field-Induced Phase <?format ?>of the Antiferromagnetic Molecular Wheel ,13,2007
"L Schnelzer, O Waldmann, M Horvatić, ST Ochsenbein, S Krämer, ...",,
"Physical review letters 99 (8), 087201",,
Observation of a lattice instability at the field-induced phase transition of the spin-gapped compound ,13,2004
"JE Lorenzo, K Katsumata, Y Narumi, S Shimomura, Y Tanaka, ...",,
"Physical Review B—Condensed Matter and Materials Physics 69 (22), 220409",,
Quasiparticle Scattering off Defects and Possible Bound States in Charge-Ordered ,12,2017
"R Zhou, M Hirata, T Wu, I Vinograd, H Mayaffre, S Krämer, M Horvatić, ...",,
"Physical review letters 118 (1), 017001",,
Microscopic Properties of the Pinwheel Kagome Compound ,12,2013
"MS Grbić, S Krämer, C Berthier, F Trousselet, O Cepas, H Tanaka, ...",,
"Physical review letters 110 (24), 247203",,
Magnetic structure of azurite above the magnetization plateau at  of saturation,12,2011
"F Aimo, S Krämer, M Klanjšek, M Horvatić, C Berthier",,
"Physical Review B—Condensed Matter and Materials Physics 84 (1), 012401",,
NMR as a probe of incommensurate spin density waves in organic metals,12,1997
"WG Clark, ME Hanson, SE Brown, B Alavi, G Kriza, P Segransan, ...",,
"Synthetic metals 86 (1-3), 1941-1947",,
Temperature dependence of La spin-lattice relaxation time in the high-T c superconductor La 1.85 Sr 0.15 Cu O 4,12,1987
"P Butaud, P Segransan, C Berthier, Y Berthier, C Paulsen, JL Tholence, ...",,
"Physical Review B 36 (10), 5702",,
Lattice gas ordering and associated charge density modulation observed by 77Se NMR in the intercalated layered compound Li 0.5 ZrSe2,12,1983
"Y Chabre, C Berthier, P Segransan",,
"Journal de Physique Lettres 44 (14), 619-624",,
NMR and NQR study of the tetrahedral frustrated quantum spin system  in its paramagnetic phase,11,2010
"A Comment, H Mayaffre, V Mitrović, M Horvatić, C Berthier, B Grenier, ...",,
"Physical Review B—Condensed Matter and Materials Physics 82 (21), 214416",,
Comment on “Texture in the Superconducting Order Parameter of  Revealed by Nuclear Magnetic Resonance”,11,2008
"VF Mitrović, G Koutroulakis, M Klanjšek, M Horvatić, C Berthier, G Knebel, ...",,
"Physical review letters 101 (3), 039701",,
NMR and magnetic susceptibility investigation of high temperature phase transitions in RbC8,11,1983
"Y Chabre, P Segransan, C Berthier, FJ Di Salvo, JE Fischer",,
"Synthetic Metals 8 (1-2), 7-13",,
ELECTRONIC PROPERTIES OF TRANSITION METAL DICHALCOGENIDES. CONNECTION BETWEEN STRUCTURAL INSTABILITIES AND SUPERCONDUCTIVITY.,11,1976
"D Jérome, C Berthier, P Molinié, J Rouxel",,
,,
Quadrupolar interaction around Ga in aluminium,11,1972
"C Berthier, M Minier",,
"Solid State Communications 10 (3), 257-260",,
High-field phase diagram of the heavy-fermion metal : Pulsed-field NMR study on single crystals up to 56 T,10,2019
"Y Tokunaga, A Orlova, N Bruyant, D Aoki, H Mayaffre, S Krämer, ...",,
"Physical Review B 99 (8), 085142",,
17O nuclear spin-lattice relaxation in YBa2Cu3O6+ x single crystals,10,1991
"M Horvatić, C Berthier, Y Berthier, P Butaud, WG Clark, JA Gillet, ...",,
"Physica C: Superconductivity 185, 1139-1140",,
Luttinger liquid physics in the spin ladder material CuBr4(C5H12N)2,9,2010
"M Klanjšek, H Mayaffre, C Berthier, M Horvatić, B Chiari, O Piovesana, ...",,
"physica status solidi (b) 247 (3), 656-658",,
π-d Interaction in the Field Induced Superconductor λ-(BETS)2FeCl4: Studied by 77Se NMR,8,2006
"K Hiraki, H Mayaffre, M Horvatic, C Berthier, H Tanaka, A Kobayashi, ...",,
"Journal of low temperature physics 142, 185-190",,
High-field magnetic phases of a two-leg spin ladder: Cu2 (C5H12N2) 2Cl4,8,2000
"G Chaboussant, MH Julien, Y Fagot-Revurat, H Mayaffre, M Horvatić, ...",,
"Physica B: Condensed Matter 280 (1-4), 315-316",,
Copper spin-spin NMR relaxation in YBCO and a comparison between NMR and inelastic neutron scattering,8,1994
"JA Gillet, T Auler, M Horvatić, C Berthier, Y Berthier, P Ségransan, ...",,
"Physica C: Superconductivity 235, 1667-1668",,
Sliding of Charge Density Waves in a Static Electric Field,8,1987
"A Jánossy, C Berthier, P Ségransan",,
"Physica Scripta 1987 (T19B), 578",,
Field-dependent paramagnetic relaxation enhancement in solutions of Ni (II): What happens above the NMR proton frequency of 1 GHz?,7,2020
"J Kowalewski, PH Fries, D Kruk, M Odelius, AV Egorov, S Krämer, H Stork, ...",,
"Journal of Magnetic Resonance 314, 106737",,
Density-functional calculation of the quadrupole splitting in the 23Na NMR spectrum of the ferric wheel Na@Fe6(tea)6  + for various broken …,7,2007
"FA Bischoff, O Hübner, W Klopper, L Schnelzer, B Pilawa, M Horvatić, ...",,
"The European Physical Journal B 55, 229-235",,
High field properties of the frustrated 2D dimer spin system SrCu2 (BO3) 2,7,2006
"M Takigawa, K Kodama, M Horvatić, C Berthier, S Matsubara, ...",,
"Journal of Physics: Conference Series 51 (1), 23",,
NMR Study of High-Tc Superconductors,7,1989
"Y Kitaoka, K Ishida, F Fujiwara, T Kondo, K Asayama, M Horvatic, ...",,
Strong Correlation and Superconductivity: Proceedings of the IBM Japan …,,
Structural and magnetic properties of methylated CuHpCl,6,2004
"M Clémancey, H Mayaffre, MH Julien, C Berthier, P Ségransan, A Hassan, ...",,
"Journal of magnetism and magnetic materials 272, 962-963",,
The grenoble GIGA-NMR project,6,2000
"G Aubert, C Berthier, F Debray, M Horvatic, W Joss, G Martinez, ...",,
"IEEE transactions on applied superconductivity 10 (1), 732-735",,
NMR study of the high magnetic field incommensurate phase of the CuGeO3 spin-Peierls system,6,1998
"M Horvatić, C Berthier, Y Fagot-Revurat, N Piegay, ME Hanson, ...",,
"Physica B: Condensed Matter 246, 22-26",,
63Cu NMR in the normal state of HgBa2Ca2Cu3O8+δ,6,1996
"MH Julien, M Horvatić, C Berthier, P Segransan",,
"Journal of Low Temperature Physics 105, 371-376",,
Studies in Inorganic Chemistry,6,1983
"L Trichet, O Abou Ghaloun, J Rouxel, Y Chabre, C Berthier",,
"Elsevier, Amsterdam",,
Effect of strains on the indirect nuclear spin-spin coupling in platinum,6,1975
"C Berthier, V Jaccarino, M Minier",,
"Solid State Communications 17 (2), 147-151",,
"lY Henry, M. Coach and, lP Chaminade",5,1989
"M Horvatic, P Segrasan, C Berthier, P Butaud",,
"Phys. rev. B 39, 7332",,
NMR evidence for lithium ordering in Li0. 29ZrSe2,5,1983
"Y Chabre, C Berthier, P Segransan, L Trichet, P Deniard",,
"Solid State Ionics 9, 467-469",,
Phase diagram of CeCoIn5 in the vicinity of Hc2 as determined by NMR,4,2008
"VF Mitrović, G Koutroulakis, MA Vachon, M Horvatić, C Berthier, ...",,
"Physica B: Condensed Matter 403 (5-9), 986-989",,
93Nb NMR study of CDW in (NbSe4)10/3I single crystal,4,2005
"P Butaud, P Segransan, C Berthier, A Meerschaut",,
Charge Density Waves in Solids: Proceedings of the International Conference …,,
High field NMR in strongly correlated low-dimensional fermionic systems,4,2002
"M Horvatić, C Berthier",,
"International Journal of Modern Physics B 16 (20n22), 3265-3270",,
Spin susceptibility in underdoped YBaCuO single crystals from NMR,4,1994
"T Auler, C Berthier, Y Berthier, P Carretta, JA Gillet, M Horvatić, ...",,
"Physica C: Superconductivity 235, 1677-1678",,
NMR Studies of Charge Density Waves in Low Dimensional Conductors,4,1987
"C Berthier, P Segransan",,
"Low-Dimensional Conductors and Superconductors, 455-476",,
NMR evidence for a metastable vortex arrangement in the two-dimensional organic superconductor -,3,1999
"A Van-Quynh, C Berthier, H Mayaffre, P Segransan, P Batail",,
"Physical Review B 59 (18), 12064",,
"NMR and NQR study of La1. 85Sr0. 15CuO4 and YBa2Cu3O6+ x (x= 0, 0.25)",3,1988
"P Butaud, M Horvatic, Y Berthier, P Segransan, C Berthier, P Lejay, ...",,
"Physica C: Superconductivity 153, 741-742",,
Observation of electronic bound states in charge-ordered YBa  Cu  O ,2,2016
"R Zhou, M Hirata, T Wu, I Vinograd, H Mayaffre, S Krämer, M Horvatić, ...",,
arXiv preprint arXiv:1609.03539,,
RAPID COMMUNICATIONS-Magnetism-Nuclear magnetic resonance evidence for a strong modulation of the Bose-Einstein condensate in BaCuSi2O6,2,2007
"S Kramer, R Stern, M Horvatic, C Berthier, T Kimura, IR Fisher",,
"Physical Review-Section B-Condensed Matter 76 (10), 100406R",,
"Cu (2) nuclear resonance evidence for a magnetic phase in aged 60-K superconductors R Ba 2 Cu 3 O 6+ x (R= Tm, Y)",2,1998
"AV Dooglav, H Alloul, ON Bakharev, C Berthier, AV Egorov, M Horvatic, ...",,
"Physical Review B 57 (18), 11792",,
Spin gap in HgBa {sub {bold 2}} Ca {sub {bold 2}} Cu {sub {bold 3}} O {sub {bold 8+{delta}}} single crystals from {sup 63} Cu NMR,2,1996
"M Julien, P Carretta, M Horvatic, C Berthier, Y Berthier, P Segransan, ...",,
Physical Review Letters 76 (22),,
Cu-63 and Hg-199 NMR in overdoped HgBa2CaCu2O6+ delta,2,1996
"M Julien, M Horvatic, P Carretta, C Berthier, Y Berthier, P Segransan, ...",,
"PHYSICA. C, SUPERCONDUCTIVITY 268, 197-204",,
NMR measurement of drift velocity and phase fluctuations of sliding charge density waves in Rb0. 3MoO3,2,1989
"P Butaud, A Janossy, P Segransan, C Berthier",,
"Synthetic Metals 29 (2-3), 499-510",,
NMR and conductivity study of anhydrous polymer protonic conductors,2,1987
"JP Donoso, W Gorecki, C Berthier, F Defendini, M Armand",,
,,
NMR evidence of the Frohlich mode in Rb0. 30MoO3,2,1986
"P Ségransan, P Butaud, A Janossy, C Berthier, J Marcus",,
"Physica B+ C 143 (1-3), 120-122",,
Magnetic field-enhanced spin freezing in YBa2Cu3O6. 45 at the verge of the competition between superconductivity and charge order,1,2013
"T Wu, H Mayaffre, S Krämer, M Horvatić, C Berthier, CT Lin, D Haug, ...",,
arXiv preprint arXiv:1306.6306,,
Spin-chain system as a tunable simulator of frustrated planar magnetism,1,2012
"M Klanjsek, M Horvatic, C Berthier, H Mayaffre, E Canevet, B Grenier, ...",,
arXiv preprint arXiv:1202.6374,,
Principes de la Resonance Magnetique Nucleaire,1,2007
"C Berthier, H Mayaffre",,
Unpublished,,
"Condensed Matter: Electronic Properties, etc.-Observation of Spin Susceptibility Enhancement in the Possible Fulde-Ferrell-Larkin-Ovchinnikov State of CeCoIn5",1,2006
"VF Mitrovic, M Horvatic, C Berthier, G Knebel, G Lapertot, J Flouquet",,
"Physical Review Letters 97 (11), 117002-117002",,
"Reply to the Comment by S. Hilbert and W. Nolting on"" Calculating the Curie temperature reliably in diluted III-V ferromagnetic semiconductors""",1,2005
"G Bouzerar, T Ziman, J Kudrnovsky",,
"Europhysics Letters 72 (2), 324",,
1H NMR measurement of the magnetic field penetration depth λab in the organic superconductor κ-(BEDT-TTF) 2Cu [N (CN) 2] Br,1,1999
"A Van-Quynh, H Mayaffre, P Ségransan, C Berthier, P Batail",,
"Synthetic metals 103 (1-3), 1985-1986",,
Cu-63 NMR in the normal state of HgBa2Ca2Cu3O8+ delta,1,1996
"MH Julien, M Horvatic, C Berthier, P Segransan",,
"JOURNAL OF LOW TEMPERATURE PHYSICS 105 (3-4), 371-376",,
77Se HIGH-FIELD NUCLEAR MAGNETIC RESONANCE IN (TMTSF) 2C104,1,1996
"P Carretta, C Berthier, M Horvatić, Y Fagot-Revurat, P Ségransan, ...",,
Proceedings of Physical Phenomena at High Magnetic Fields-II: Tallahassee …,,
NMR investigation of low energy excitations in high Tc superconductors,1,1994
"C Berthier, M Horvatić, P Carretta, Y Berthier, P Ségransan, JA Gillet, ...",,
"Physica C: Superconductivity 235, 67-70",,
"NMR study of 63, 65Cu in YBa2Cu3O7to 6.65 single crystals",1,1989
"M Horvatić, P Ségransan, Y Berthier, P Butaud, Y Kitaoka, C Berthier, ...",,
"Physica C: Superconductivity and its Applications 162, 265-266",,
NMR and neutron diffraction studies of mixed conductors LixMPX3,1,1980
"Y Chabre, P Segransan, C Berthier, G Ouvrard",,
"Proceedings of the International Conference on Fast Ion Transport in Solids, 221",,
PHYSICAL PROPERTIES RELATED TO CHARGE DENSITY WAVES IN LAYERED TRANSITION METAL DICHALCOGENIDES,1,1977
"C Berthier, D Jérome, P Molinié",,
"Le Journal de Physique Colloques 38 (C7), C7-250-C7-252",,
Field-angular dependence of pairing interaction in URhGe: Comparison with UCoGe,,2020
"Y Tokunaga, D Aoki, H Mayaffre, S Krämer, MH Julien, C Berthier, ...",,
Proceedings of the International Conference on Strongly Correlated Electron …,,
Field-induced reentrant superconductivity driven by quantum tricritical fluctuations in URhGe,,2018
"Y Tokunaga, D Aoki, H Mayaffre, S Krämer, MH Julien, C Berthier, ...",,
"Physica B: Condensed Matter 536, 122-124",,
Anomalous spin correlations and mass-generating excitonic instability of interacting weyl fermions,,2017
"M Hirata, K Ishikawa, G Matsuno, A Kobayashi, K Miyagawa, M Tamura, ...",,
arXiv preprint arXiv:1702.00097,,
21aBC-1 κ-(BEDT-TTF) _2Cu (NCS) _2 の超伝導における FFLO 状態: Andreev 束縛状態の NMR による観測,,2016
宮川和也， 鹿野田一司,,
"日本物理学会講演概要集 71.1, 1891",,
Quantum tricritical fluctuations driving mass enhancement and reentrant superconductivity in URhGe,,2016
"Y Tokunaga, D Aoki, H Mayaffre, S Krämer, MH Julien, C Berthier, ...",,
"Journal of Physics: Conference Series 683 (1), 012010",,
"Svojstva singletnog osnovnog stanja"" vjetrenjače"" u Rb2Cu3SnF12",,2015
"MS Grbić, S Krämer, C Berthier, F Trousselet, O Cépas, H Tanaka, ...",,
"Deveti znanstveni sastanak Hrvatskog fizikalnog društva, 54-54",,
NMR investigation of charge order in YBaCuO in high magnetic fields,,2014
"M Hirata, H Mayaffre, S Kraemer, M Horvatic, C Berthier, MH Julien, ...",,
Bulletin of the American Physical Society 59,,
NMR studies of anisotropy and metal-insulator crossover in quasi-one-dimensional metal Li0.9Mo6O17,,2014
"G Wu, WG Clark, S Brown, JJ Neumeier, CAM Dos Santos, J Marcus, ...",,
"APS March Meeting Abstracts 2014, D6. 006",,
NMR investigation of charge order in YBa2Cu3Oy in high magnetic fields,,2014
"M Hirata, H Mayaffre, S Kraemer, M Horvatic, C Berthier, M Julien, ...",,
"APS March Meeting Abstracts 2014, Y52. 005",,
Field-induced magnetic behavior in a quasi-one-dimensional Ising-like antiferromagnet: a detailed single crystal neutron diffraction study,,2013
"B Grenier, E Canévet, M Klanjsek, C Berthier, M Horvatic, V Simonet, ...",,
Physical Review B: Condensed Matter and Materials Physics (1998-2015) 87 (5 …,,
Sensitivity-enhanced high-resolution NMR of half-integer quadrupolar nuclei at 30Tesla,,2010
"H Stork, S Kramer, M Horvatic, C Berthier, O Pauvert, F Fayon, ...",,
EUROMAR 2010 & 17th ISMAR-WWMR210,,
Luttinger liquid physics in the spin ladder material CuBr {sub 4}(C {sub 5} H {sub 12} N){sub 2},,2010
"M Klanjsek, H Mayaffre, C Berthier, M Horvatic, B Chiari, O Piovesana, ...",,
Physica Status Solidi B (Basic Research) 247,,
NMR investigation on quasi-one-dimensional purple bronze Li0.9Mo6O17,,2010
"G Wu, WG Clark, SE Brown, JJ Neumeier, CAM Dos Santos, J Marcus, ...",,
"APS March Meeting Abstracts 2010, L38. 010",,
Reply to the Comment by SE Sebastian and N. Harrison,,2009
"F Lévy, I Sheikin, C Berthier, M Horvatic, M Takigawa",,
arXiv preprint arXiv:0906.4484,,
BEC of triplon in the complex quantum spin liquid BaCuSi2O6,,2009
"R Stern, S Kraemer, M Horvatic, I Heinmaa, E Joon, C Berthier, T Kimura, ...",,
"APS March Meeting Abstracts, Y29. 008",,
"Phase Diagram of CeCoIn5 in the Vicinity of Hc2 as Determined by NMR (vol 403, pg 986, 2008)",,2008
"VF Mitrovic, G Koutroulakis, MA Vachon, M Horvatic, C Berthier, ...",,
"PHYSICA B-CONDENSED MATTER 403 (19-20), 3846-3846",,
Erratum to “Phase Diagram of CeCoIn5 in the Vicinity of H as Determined by NMR” [Physica B 403 (2008) 986],,2008
"VF Mitrović, G Koutroulakis, MA Vachon, M Horvatić, C Berthier, ...",,
"Physica B Condensed Matter 403 (19-20), 3846-3846",,
Phase diagram of CeCoIn {sub 5} in the vicinity of H {sub c2} as determined by NMR,,2008
"VF Mitrovic, G Koutroulakis, MA Vachon, M Horvatic, C Berthier, ...",,
"Physica. B, Condensed Matter 403",,
Similar glassy features in the 139La NMR response of pure and disordered La1. 88Sr0. 12CuCO4 VF Mitrovic,,2008
"MH Julien, C de Vaulx, M Horvatic, C Berthier, T Suzuki, K Yamada",,
"Phys. Rev. B 78, 1-7",,
Nature of the superconducting state of CeCoIn5 as revealed by NMR.,,2008
"G Koutroulakis, V Mitrovic, MA Vachon, M Horvatic, C Berthier, G Knebel, ...",,
"APS March Meeting Abstracts, J12. 003",,
Phase diagram of Formula Not Shown in the vicinity of Formula Not Shown as determined by NMR,,2008
"VF Mitrovic, G Koutroulakis, MA Vachon, M Horvatic, C Berthier, ...",,
"PHYSICA B 403 (5), 986-989",,
High field NMR in low dimensional quantum antiferromagnets,,2008
"C Berthier, M Klanjsek, S Kraemer, M Horvatic, H Mayaffre",,
Verhandlungen der Deutschen Physikalischen Gesellschaft 43 (1),,
NMR evidence for a strong modulation of the Bose-Einstein Condensate in BaCuSiO,,2007
"S Kramer, R Stern, M Horvatic, C Berthier, T Kimura, IR Fisher",,
arXiv preprint arXiv:0704.0888,,
NMR evidence for a strong modulation of the Bose-Einstein Condensate in BaCuSi2O6,,2007
"S Krämer, R Stern, M Horvatic, C Berthier, T Kimura, IR Fisher",,
arXiv preprint arXiv:0704.0888,,
Complex 2D Oxide BaCuSi2O6: A NMR Study,,2007
"R Stern, S Krämer, M Horvatic, C Berthier, I Heinmaa, E Joon, T Kimura, ...",,
"APS March Meeting Abstracts, N15. 012",,
Bose-Einstein Condensation in weakly coupled S= 1/2 two-leg spin ladders,,2007
"H Mayaffre, M Klanjsek, C Berthier, M Horvatic, B Chiari, O Piovesana",,
PHYSICAL REVIEW LETTERS 75,,
"Condensed Matter: Electronic Properties, etc.-Huge Transverse Magnetic Polarization in the Field-Induced Phase of the Antiferromagnetic Molecular Wheel CsFe8",,2007
"L Schnelzer, O Waldmann, M Horvatic, ST Ochsenbein, S Kramer, ...",,
"Physical Review Letters 99 (8), 87201-87201",,
NMR Study of the Possible FFLO State in CeCoIn ,,2006
"C Berthier, G Knebel, G Lapertot, J Flouquet",,
Bulletin of the American Physical Society,,
NMR Study of the Possible FFLO State in CeCoIn5,,2006
"VF Mitrović, M Horvatić, C Berthier, G Knebel, G Lapertot, J Flouquet",,
"APS March Meeting Abstracts, R44. 009",,
^51V-NMR investigation of the spin-frustrated magnet Ni3V2O8.,,2006
"WG Clark, P Ranin, G Wu, G Gaidos, G Lawes, AP Ramirez, RJ Cava, ...",,
"APS March Meeting Abstracts, J1. 129",,
Comment on “Localized behavior near the Zn impurity in  as measured by nuclear quadrupole resonance”,,2005
"MH Julien, Y Tokunaga, T Fehér, M Horvatić, C Berthier",,
"Physical Review B—Condensed Matter and Materials Physics 71 (17), 176501",,
Spin superstructure in the 18-magnetization plateau phase of the 2D orthogonal dimer spin system SrCu2 (BO3) 2,,2004
"K Kodama, M Takigawa, M Horvatić, C Berthier, H Kageyama, Y Ueda, ...",,
"Journal of magnetism and magnetic materials 272, 25-26",,
"The 1/8-magnetization plateau state in the 2D quantum antiferromagnet SrCu {sub 2}(BO {sub 3}){sub 2}: spin superstructure, phase transition, and spin dynamics studied by high …",,2004
"M Takigawa, K Kodama, M Horvatic, C Berthier, H Kageyama, Y Ueda, ...",,
"Physica. B, Condensed Matter 346",,
NMR investigation of Field Induced Spin Density Waves in (TMTSF) 2ClO4,,2004
"H Mayaffre, V Mitrovic, C Berthier, M Horvatic",,
"APS March Meeting Abstracts 2004, V19. 002",,
New Phase Transition between Partially and Fully Polarized Quantum Hall States with Charge and Spin Gaps at nu=(2/3),,2003
"C Berthier, N Freytag, M Horvatic, M Shayegan, Y Tokunaga",,
Physical Review Letters 87 (13),,
NMR studies of the ν= 2/3 phase transition,,2003
"O Stern, N Freytag, W Dietsche, JH Smet, K von Klitzing, M Bichler, ...",,
26th International Conference on Physics of Semiconductors,,
Spin polarization of two-dimensional electrons in GaAs quantum wells around Landau level filling v= 1 from NMR measurements of gallium nuclei,,2001
"S Melinte, N Freytag, M Horvatić, C Berthier, LP Lévy, V Bayot, ...",,
"Physical Review B-Condensed Matter and Materials Physics 64 (8), 853271-853279",,
Glassy spin freezing and NMR wipeout effect in the high-T {sub c} superconductor La {sub 1.90} Sr {sub 0.10} CuO {sub 4}: Critical discussion of the role of stripes,,2001
"MH Julien, A Campana, A Rigamonti, P Carretta, F Borsa, P Kuhns, ...",,
Physical Review B 63 (14),,
Spin polarization of two-dimensional electrons in GaAs quantum wells around Landau level filling (formula presented) from NMR measurements of gallium nuclei,,2001
"M Horvatić, C Berthier, LP Lévy, S Melinte, N Freytag, V Bayot, ...",,
Physical Review B-Condensed Matter and Materials Physics 64 (8),,
Unpolarizable ground states in the fractional quantum Hall effect at ν= 2/3,,2001
"N Freytag, Y Tokunaga, M Horvatić, C Berthier, M Shayegan, L Lévy",,
"Electronic Correlations: From Meso-to Nanophysics, 59-66",,
"Semiconductors II: Surfaces, interfaces, microstructures, and related topics-Spin polarization of two-dimensional electrons in GaAs quantum wells around Landau level filling v …",,2001
"S Melinte, N Freytag, M Horvatic, C Berthier, LP Levy, V Bayot, ...",,
"Physical Review-Section B-Condensed Matter 64 (8), 85327-85327",,
Superfluidity and superconductivity-Glassy spin freezing and NMR wipeout effect in the high-Tc superconductor La1. 90Sr0. 10CuO4: Critical discussion of the role of stripes,,2001
"MH Julien, A Campana, A Rigamonti, P Carretta, F Borsa, P Kuhns, ...",,
"Physical Review-Section B-Condensed Matter 63 (14), 144508-144508",,
Glassy Spin Freezing and NMR Wipeout Effect in the High-T_c Superconductor La1. 90Sr0. 10CuO4: What is the Relationship With Stripes?,,2000
"MH Julien, A Campana, A Rigamonti, P Carretta, F Borsa, P Kuhns, ...",,
arXiv preprint cond-mat/0010362,,
Spin Polarization of 2D Electrons in GaAs Quantum Wells at ν= 1/2 from Gallium NMR Measurements,,2000
"N Freytag, M Horvatić, C Berthier, LP Lévy, S Melinte, V Bayot, ...",,
"APS March Meeting Abstracts, C17. 008",,
NMR Measurements of GaAs/AlGaAs Multiple Quantum Wells Heterostructures around Landau Level Filling Factor ν= 1,,2000
"S Melinte, V Bayot, N Freytag, LP Lévy, M Horvatić, C Berthier, ...",,
"APS March Meeting Abstracts, G17. 001",,
"Condensed Matter: Electronic Properties, etc.-NMR Evidence for a Generalized Spin-Peierls Transition in the High-Magnetic-Field Phase of the Spin Ladder Cu2 (C5H12N2) 2Cl4",,2000
"H Mayaffre, M Horvatic, C Berthier, MH Julien, P Segransan, L Levy, ...",,
"Physical Review Letters 85 (22), 4795-4798",,
High magnetic field NMR studies of quantum spin chains and ladders,,2000
"C Berthier, M Horvatić, Y Fagot-Revurat, MH Julien, G Chaboussant, ...",,
"Journal of the Physical Society of Japan 69, 54-58",,
"Charge Segregation, Cluster Spin Glass, and Superconductivity in La {sub 1.94} Sr {sub 0.06} CuO {sub 4}",,1999
"M Julien, F Borsa, P Carretta, M Horvatic, C Berthier, CT Lin",,
Physical Review Letters 83 (3),,
High magnetic field NMR studies of quantum spins chains and ladders.,,1999
"G Kido, M Horvatić, C Berthier",,
Proceedings of the 4th International Symposium on Advanced Physical Fields …,,
1H NMR measurement of the magnetic field penetration depth λab in the organic superconductor κ-(BEDT-TTF)2Cu[N(CN)2]Br,,1999
"H Mayaffre, P Segransan, C Berthier, P Batail, A Van-Ouynh",,
"Synthetic Metals 103 (1-3), 1985-1986",,
NMR study of the CuGeO3 spin-Peierls system,,1998
"A Revcolevschi, G Dhalenne, P Segransan, C Berthier, M Horvatic, ...",,
"Journal of Magnetism and Magnetic Materials 177 (1), 669-670",,
NMR study of the CuGeO3 spin-Peierls system,,1998
"M Horvatić, Y Fagot-Revurat, ME Hanson, C Berthier, P Ségransan, ...",,
"Journal of magnetism and magnetic materials 177, 669-670",,
NMR study of the S= 1/2 Heisenberg Ladder Cu2 (C5H12N2) 2Cl4: Quantum phase transition and critical dynamics,,1997
"G Chaboussant, Y Fagot-Revurat, MH Julien, ME Hanson, C Berthier, ...",,
arXiv preprint cond-mat/9711124,,
{sup 63} Cu and {sup 89} YNMR study of an optimally doped YBa {sub 2} Cu {sub 3} O {sub 6.94} single crystal,,1997
"T Auler, M Horvatic, JA Gillet, C Berthier, Y Berthier, P Segransan, ...",,
"Physical Review, B: Condensed Matter 56 (17)",,
Spin dynamics of a S= 1/2 antiferromagnetic Heisenberg ladder: H NMR in Cu {sub 2}(C {sub 5} H {sub 12} N {sub 2}){sub 2} Cl {sub 4},,1997
"G Chaboussant, MH Julien, Y Fagot-Revurat, M Horvatic, C Berthier, ...",,
,,
Spin Dynamics of a S= 1/2 Antiferromagnetic Heisenberg Ladder:^ 1H NMR in Cu (CHN) Cl,,1997
"G Chaboussant, MH Julien, Y Fagot-Revurat, M Horvatić, C Berthier, ...",,
"APS March Meeting Abstracts, F11. 10",,
Evidence of the staggered magnetization in the incommensurate spin-Peierls phase of CuGeO_3,,1997
"ME Hanson, Y Fagot-Revurat, M Horvatic, P Segransan, C Berthier",,
"APS March Meeting Abstracts, C19. 06",,
Spin dynamics of a S=1/2 antiferromagnetic Heisenberg ladder: H NMR in Cu2(C5H12N2)2Cl4,,1997
"G Chaboussant, MH Julien, Y Fagot-Revurat, M Horvatic, C Berthier, ...",,
,,
{sup 63} Cu NMR in the normal state of HgBa {sub 2} Ca {sub 2} Cu {sub 3} O {sub 8+{delta}},,1996
"MH Julien, M Horvatic, C Berthier",,
Journal of Low Temperature Physics 105 (CONF-960808-),,
Nuclear magnetic resonance in high-T {sub c} superconductors; Ressonancia magnetica nuclear em supercondutores de alto T {sub c},,1994
"LTS Auler, C Berthier, Y Berthier, JA Gillet, P Segransan, M Horvatic, ...",,
,,
NMR investigation of HgBa2CaCu2O6+δ,,1994
"JJ Capponi, C Berthier, JA Gillet, P Ségransan, Y Berthier, M Horvatić",,
"Physica C Superconductivity 235, 1669-1670",,
Étude par résonance magnétique nucléaire des oxydes supraconducteurs à haute température critique YBa2Cu3O (6+ x),,1994
JA Gillet,,
Université Joseph Fourier (Grenoble; 1971-2015),,
NMR investigation of low energy excitations in high T [sub c] superconductors,,1993
"C Berthier, JA Gillet, T Auler, Y Berthier, M Horvatic, P Segransan, ...",,
Physica Scripta T;(Sweden) 49,,
NMR Investigation of Low-Energy Excitations in YBa2Cu3O6+x Single Crystals,,1993
"T Auler, C Berthier, Y Berthier, P Butaud, WG Clark, JA Gillett, M Horvatić, ...",,
Electronic Properties of High-T c Superconductors: The Normal and the …,,
17O and 63Cu NMR study of anisotropic magnetic fluctuations in a single crystal of YBa2Cu3O6+ x: Comparison with neutron diffraction,,1992
"WG Clark, C Berthier, Y Berthier, P Butaud, JY Henry, M Horvatić, ...",,
"Journal of Magnetism and Magnetic Materials 104, 589-590",,
sup 17 O and sup 63 Cu NMR study of anisotropic magnetic fluctuations in a single crystal of YBa sub 2 O sub 6+ x: comparison with neutron diffraction,,1992
"WG Clark, C Berthier, Y Berthier, P Butaud, P Segransan, JY Henry, ...",,
Journal of Magnetism and Magnetic Materials;(Netherlands) 104,,
Nuclear Spectroscopy of Charge Density Waves in Molybdenum Bronzes,,1992
"C Berthier, A Jánossy, P Butaud, P Segransan",,
"Nuclear Spectroscopy on Charge Density Wave Systems, 177-227",,
NMR study of spin fluctuations in YBa sub 2 Cu sub 3 O sub 6+ x,,1991
"C Berthier, Y Berthier, P Butaud, JA Gillet, P Segransan, WG Clark, ...",,
Physica C: Superconductivity;(Netherlands) 185,,
Estudos por ressonancia magnetica nuclear e espectroscopia infravermelha de condutores ionicos polimericos,,1991
"JP Donoso, LHC Mattoso, MG Cavalcante, W Gorecki, C Berthier, ...",,
Anais,,
17O and 63Cu NMR Investigation of Spin Fluctuations in High Tc Superconducting Oxides,,1991
"C Berthier, Y Berthier, P Butaud, M Horvatic, Y Kitaoka, P Segransan",,
"Dynamics of Magnetic Fluctuations in High-Temperature Superconductors, 73-85",,
super (17) O NMR YBa sub (2) Cu sub (3) O sub (6. 65) discrimination between t-J and two-band models. A new approach.,,1990
"P Butaud, M Horvatic, Y Berthier, P Segransan, Y Kitaoka, C Berthier",,
"PHYSICA C. 166 (3), 301-309",,
NMR study of the polymer solid electrolyte PEO'('LI'B'F IND. 4) IND X',,1990
"JP Donoso, MG Cavalcante, W Gorecki, C Berthier, M Armand",,
Proceedings,,
Estudos por ressonância magnética nuclear em eletrólitos poliméricos sólidos,,1990
"JP Donoso, LHC Mattoso, MG Cavalcante, W Gorecki, C Berthier, ...",,
Anais,,
Relajacion nuclear en conductores ionicos polimericos,,1990
"JP Donoso, MG Cavalcante, W Gorecki, C Berthier, M Armand",,
"Contribuciones Cientificas Y Tecnologicas 7, 381-4",,
"17O, 63Cu and 89Y NMR Investigation of Spin Fluctuations in High TC Superconducting YBa2Cu3O6+x",,1990
"C Berthier, Y Berthier, P Butaud, M Horvatić, P Ségransan",,
25th Congress Ampere on Magnetic Resonance and Related Phenomena: Extended …,,
NMR Study of the Polymer Solid Electrolyte PEO (LIBF4)x,,1990
"JP Donoso, MG Cavalcante, W Gorecki, C Berthier, M Armand",,
25th Congress Ampere on Magnetic Resonance and Related Phenomena: Extended …,,
NMR Study of Charge Density Waves,,1990
"C Berthier, P Ségransan, P Butaud, A Janossy",,
25th Congress Ampere on Magnetic Resonance and Related Phenomena: Extended …,,
Nuclear magnetic resonance studies in solid polymeric electrolyte. Estudos por ressonancia magnetica nuclear em eletrolitos polimericos solidos,,1990
"JP Donoso, LHC Mattoso, MG Cavalcante, W Gorecki, C Berthier, ...",,
,,
17O NMR Investigation of the Electronic Structure of High-Tc Superconducting Oxides,,1990
"C Berthierl, Y Berthierl, P Butaudl, M Horvatti, P Stgransan",,
Electronic Properties of High-Tc Superconductors and Related Compounds …,,
"NMR study of sup 63, 65 Cu in YBa sub 2 Cu sub 3 O sub 7 sub to sub 6. 65 single crystals",,1989
"M Horvatic, P Segransan, Y Berthier, P Butaud, Y Kitaoka, C Berthier, ...",,
Physica C: Superconductivity;(Netherlands) 162,,
NMR study of sup 17 O in high Tc superconducting oxides,,1989
"Y Kitaoka, Y Berthier, P Butaud, M Horvatic, P Segransan, C Berthier, ...",,
Physica C: Superconductivity;(Netherlands) 162,,
NMR evidence for localized spins on Cu (2) sites from Cu NMR in YBa/sub 2/Cu/sub 3/O/sub 7/and YBa/sub 2/Cu/sub 3/O/sub 6. 75/single crystals,,1989
"M Horvatic, P Segransan, C Berthier, Y Berthier, P Butaud, JY Henry, ...",,
Phys. Rev. B: Condens. Matter;(United States) 39 (10),,
Ressonancia magnetica nuclear em eletrolitos solidos de tipo polimerico,,1988
"JP Donoso, MG Cavalcante, C Berthier, W Gorecki",,
"Ciência e Cultura 40 (7 supl.), 356-7",,
"Nmr, qens and conductivity studies of the anhydrous polymer protonic conductor p (eo)('H IND. 3'p'O IND. 4') ind. X'",,1988
"JP Donoso, W Gorecki, C Berthier, F Defendini, C Poinsignon, ...",,
Proceedings,,
Temperature dependence of La spin-lattice relaxation time in the high-T/sub c/superconductor La/sub 1. 85/Sr/sub 0. 15/CuO/sub 4,,1987
"P Butaud, P Segransan, C Berthier, Y Berthier, C Paulsen, JL Tholence, ...",,
Phys. Rev. B: Condens. Matter;(United States) 36 (10),,
"NMR, DSC and conductivity study in the polymer solid electrolytes P (EO)'LI''('C IND. P+ 1''F IND. 2P+ 3'S'O IND. 3') IND. X'",,1987
"W Gorecki, JP Donoso, C Berthier, M Mali, J Roos, D Brinkmann, ...",,
Abstracts,,
SOLID PROTONIC ELECTROLYTES BASED ON POLY (ETHYLENEOXIDE),,1986
"F DEFENDINI, MB ARMAND, W GORECKI, C BERTHIER",,
"JOURNAL OF THE ELECTROCHEMICAL SOCIETY 133 (8), C332-C332",,
NMR study of anhydrous polymer protonic conductors,,1986
"JP Donoso, W Gorecki, C Berthier, F Defendini, M Armand",,
Proceedings,,
Ion-Electron Interaction and Intercalation Induced Semiconductor to Metal Transition in the Intercalated Dichalcogenide LixZrSe2,,1984
"C Berthier, Y Chabre, P Segransan, P Deniard, L Trichet, J Rouxel",,
"Physics and Chemistry of Electrons and Ions in Condensed Matter, 561-569",,
NMR INVESTIGATION OF SOLID ELECTROLYTES AND SOLID SOLUTION ELECTRODES,,1979
C BERTHIER,,
"Fast Ion Transport in Solids: Electrodes, and Electrolytes: Proceedings of …",,
"G. BRUN, B. LIAUTARD, S. PEYTAVIN, M. MAU-RIN, E. TOREILLES, JM FABRE, L. GIRAL et JL GALIGNÉ.-Sels du radical cationique TMTTF (Tétraméthyltétrathiofulvalène). Structures et …",,1978
"J VRIJEN, S RADELAAR, D SCHWAHN, C BERTHIER, D JÉROME, ...",,
Colloques internationaux du Centre national de la recherche scientifique 7 …,,
LAYER COMPOUNDS. CHARGE DENSITY WAVES IN TRANSITIONS METAL COMPOUNDS.,,1976
"EPOFTM DICHALCOGENIDES, D JÉROME, C BERTHIER, P MOLINIÉ, ...",,
Les Transitions métal-non métal: actes du colloque international sur les …,,
"Electronic Properties of Transition-Metal Dichalcogenides(NbS 2, TaS 2, NbSe 2 and TaSe 2)--Connection Between Structural Instabilites and Superconductivity",,1976
"D Jerome, C Berthier, P Molinie, J Rouxel",,
"J. Phys.(Paris), Oct. 1976, Suppl., 37,(10), 125-135",,
Evidence for Field‐Induced Excitonic Correlations and Topological Insulating state in α-(BEDT-TTF) 2I3 under Pressure,,
"M Hirata, T Taniguchi, D Ohki, H Mayaffre, K Miyagawa, M Tamura, ...",,
,,
High Magnetic Fields [electronic resource]: Applications in Condensed Matter Physics and Spectroscopy,,
"C Berthier, LP Lévy, G Martinez",,
"Berlin, Heidelberg: Springer Berlin Heidelberg,",,
Observation of a new phase transition between fully and partially polarized quantum Hall states with charge and spin gaps at ν= 2,,
"N Freytag, Y Tokunaga, M Horvatic, C Berthier, M Shayegan, LP Lévy",,
arXiv preprint cond-mat/0105590,,
RÉSONANCE MAGNÉTIQUE NUCLÉAIRE DANS LA PHASE MIXTE DES COMPOSÉS ORGANIQUES DE LA FAMILLE κ-(BEDT-TTF)  2 CuX,,
"A Van Quynh, C Berthier",,
,,
Protected article Thermal analysis and NMR study of a poly (ethylene oxide) complex electrolyte: PEO (LiCF3SO3) x,,
"M Minier, C Berthier, W Gorecki",,
,,
xcvi List of Contributors,,
"P Berberieh, C Bernhard, C Berthier, CE Beuran, E Beuran, EC Beuran, ...",,
,,
"Andrii, W. 481 Andreani, LC 1327 Andreev, AV 21, 1305, 1329",,
"T Anezaki, T Abe, N Achiwa, GJ Ackland, G Aeppli, I Affleck, A Aharoni, ...",,
,,
The following colleagues have helped us in reviewing t 6th International Conference on Solid State Ionics. Their time consu,,
"JR Akridge, EK Anderson, A Angel, M Armand, A Atkinson, J Bates, ...",,
,,
Reentrant superconductivity induced by strong magnetic field in uranium based heavy-fermion compound URhGe,,
"Y Tokunaga, H Sakai, T Hattori, S Kambe, D Aoki, H Mayaffre, S Krämer, ...",,
,,
"Cu (2) nuclear resonance evidence for a magnetic phase in aged 60-K superconductors RBa2Cu3O6+ x (R= Tm, Y)",,
"Y Sakhratov, A Egorov, H Alloul, M Horvatic, M Teplov, O Bakharev, ...",,
,,
Nuclear magnetic resonance in high-T c superconductors,,
"LTS Auler, C Berthier, Y Berthier, JA Gillet, P Segransan, M Horvatic, ...",,
,,
NMR study of superionic conductor Nasub (1-x) Ysub (x) Fsub (1+ 2x),,
"L Pontonnier, Y Chabre, C Berthier",,
,,
Etude de quelques problèmes fondamentaux sur des matériaux de cathode et des électrolytes polymères pour générateurs électrochimiques tout solide. Etude de composés …,,
"C BERTHIER, Y CHABRE",,
,,
Charge densitiy waves in transition metal dichalcogenides: a pulsed NMR study on a single crystal of 2H-NbSe 2,,
"D Jerome, C Berthier, P Molinie",,
,,
Nuclear magnetic resonance studies in solid polymeric electrolyte,,
"JP Donoso, LHC Mattoso, MG Cavalcante, W Gorecki, C Berthier, ...",,
,,
High-Field Exploration of Charge Order in Underdoped YBa 2 Cu 3 O 6.77,,
"M Hirata, H Mayaffre, S Kraemer, M Horvatic, C Berthier, MH Julien, ...",,
,,
"High magnetic fields: applications in condensed matter physics and spectroscopy(Cargèse, 2001)",,
"C Berthier, LP Lévy, G Martinez",,
Lecture notes in physics,,